Student_ID,Student_name,Student_ident_no,Student_rollno,Phone_number,Email_id,City,Country,Student_program
1,Carter Kidd,84,1_84,1226734895,Carter_Kidd1546640191@nimogy.biz,Bucharest,Sierra Leone,BCE
2,Chuck Larkin,106,2_106,1901291352,Chuck_Larkin1710113279@joiniaa.com,Cincinnati,Serbia,BCHE
3,Tom Salt,102,3_102,1801349299,Tom_Salt1728894527@eirey.tech,Wien,Maldives,BCE
4,Brad Driscoll,240,4_240,1642224969,Brad_Driscoll885472344@nickia.com,Nashville,Portugal,BME
5,Bryon Andersson,159,5_159,1506296007,Bryon_Andersson1395072957@bauros.biz,Orlando,Pakistan,BEE
6,Mason Eagle,197,6_197,1777792356,Mason_Eagle1195953666@infotech44.tech,Scottsdale,Thailand,BICT
7,Liam Page ,2,7_2,1150016865,Liam_Page 113893761@mafthy.com,Moreno Valley,Mexico,BCS
8,Henry Partridge,108,8_108,1817874090,Henry_Partridge959659804@sveldo.biz,Hollywood,Serbia,BICT
9,Tyler Mcneill,47,9_47,1717319652,Tyler_Mcneill432547305@irrepsy.com,Houston,Serbia,BCE
10,Mark Scott,189,10_189,1969605735,Mark_Scott2001769429@corti.com,Hayward,Kyrgyzstan,BICT
11,Luke Clarke,145,11_145,2092719128,Luke_Clarke1353308387@bungar.biz,Richmond,Liberia,BICT
12,Carl Simpson,228,12_228,1677612034,Carl_Simpson1419678379@nanoff.biz,Stockton,Netherlands,BME
13,Johnathan Whittle,18,13_18,1665123641,Johnathan_Whittle597953167@muall.tech,Bridgeport,Taiwan,BCS
14,Doug Ebden,159,14_159,2004096366,Doug_Ebden1857760668@fuliss.net,Phoenix,Madagascar,BEE
15,Jacob Drummond,279,15_279,1351669328,Jacob_Drummond918051796@typill.biz,Columbus,Laos,BICT
16,Ethan Dixon,288,16_288,1592803260,Ethan_Dixon1532248531@joiniaa.com,Denver,Micronesia,BICT
17,Jacob Eyres,5,17_5,1966902145,Jacob_Eyres634926377@nanoff.biz,Hayward,Chile,BCS
18,Nate Brennan,36,18_36,1896926648,Nate_Brennan1857148873@deons.tech,Wien,Japan,BCS
19,Luke Edmonds,257,19_257,1362280622,Luke_Edmonds2009163396@muall.tech,Jersey City,China,BICT
20,Marvin Robertson,161,20_161,1235416853,Marvin_Robertson1533381998@bauros.biz,Detroit,"Korea, North",BEE
21,Roger West,244,21_244,1901273050,Roger_West882562998@liret.org,Phoenix,Montenegro,BEE
22,Mark Drew,263,22_263,2007478369,Mark_Drew858672372@infotech44.tech,Quebec,Mexico,BICT
23,Daron Robertson,284,23_284,1499905865,Daron_Robertson1243053245@typill.biz,Miami,Bolivia,BICT
24,Oliver Boden,164,24_164,1495273964,Oliver_Boden1968902985@grannar.com,Louisville,Denmark,BEE
25,Harry Lewin,17,25_17,1753881338,Harry_Lewin1213894193@nickia.com,Memphis,Qatar,BCS
26,Alexander Walsh,31,26_31,1694717320,Alexander_Walsh255828827@extex.org,Bakersfield,Belize,BCHE
27,Boris Connor,290,27_290,1111665754,Boris_Connor663883987@brety.org,Tulsa,Palau,BICT
28,Alexander Dixon,149,28_149,1448025687,Alexander_Dixon967029895@joiniaa.com,Colorado Springs,Slovenia,BICT
29,Harry Wright,169,29_169,1390544881,Harry_Wright244358136@iatim.tech,Moreno Valley,Costa Rica,BEE
30,Logan Gates,31,30_31,1691225454,Logan_Gates593521681@gmail.com,Seattle,Bolivia,BCHE
31,Wade Bradley,104,31_104,1446552616,Wade_Bradley150133832@corti.com,Dallas,Sudan,BEE
32,Ryan Nelson,248,32_248,1820290356,Ryan_Nelson1681078917@deavo.com,Berlin,Tajikistan,BCHE
33,Rick Ellison,178,33_178,1466511751,Rick_Ellison541545677@nimogy.biz,Long Beach,Lithuania,BEE
34,Eduardo Wright,194,34_194,1233858335,Eduardo_Wright2046083816@sheye.org,Denver,Senegal,BICT
35,Julian Wright,184,35_184,1187557774,Julian_Wright1350032264@nimogy.biz,Columbus,Andorra,BME
36,Ryan Simpson,77,36_77,1515173248,Ryan_Simpson1387709628@sheye.org,Murfreesboro,Greece,BCHE
37,Ron Lane,102,37_102,1789346271,Ron_Lane2135879685@sveldo.biz,Miami,Poland,BME
38,Nathan Hopkinson,168,38_168,1169544941,Nathan_Hopkinson1156497554@liret.org,New York,Chile,BEE
39,Sebastian Amstead,251,39_251,2052769803,Sebastian_Amstead1599194971@dionrab.com,Saint Paul,Greece,BEE
40,Mike Amstead,188,40_188,2011190473,Mike_Amstead1283261575@tonsy.org,San Diego,Vanuatu,BICT
41,Peter Glass,84,41_84,1637799124,Peter_Glass1333534058@bungar.biz,Rome,Oman,BME
42,Michael Donnelly,109,42_109,1142440678,Michael_Donnelly1055364698@kideod.biz,San Diego,Argentina,BME
43,Jacob Whitmore,41,43_41,1387210403,Jacob_Whitmore140415700@eirey.tech,Tokyo,Gabon,BCE
44,Caleb Nelson,256,44_256,1484770695,Caleb_Nelson1077049589@dionrab.com,Tulsa,Sudan,BCS
45,Tom Collingwood,277,45_277,2058113494,Tom_Collingwood808094394@womeona.net,Zurich,India,BICT
46,Danny Osman,16,46_16,1287924017,Danny_Osman672933041@ubusive.com,Hollywood,Andorra,BCS
47,Michael Pitt,2,47_2,1149703295,Michael_Pitt1009236873@ovock.tech,Houston,USA,BICT
48,Liam Logan,6,48_6,1412384339,Liam_Logan1035398408@dionrab.com,Minneapolis,Kosovo,BCS
49,Jayden Edmonds,118,49_118,1741378130,Jayden_Edmonds1968677044@yahoo.com,Quebec,Pakistan,BICT
50,David Murray,60,50_60,1664007484,David_Murray797268955@ubusive.com,Seattle,USA,BCE
51,Percy Holmes,80,51_80,2120588202,Percy_Holmes328104914@gmail.com,Hayward,Papua New Guinea,BCS
52,Barry Drew,81,52_81,2134836957,Barry_Drew1787963708@deavo.com,Colorado Springs,Barbados,BCS
53,Daron Archer,87,53_87,2130494327,Daron_Archer62771284@twace.org,Milwaukee,Philippines,BEE
54,Rufus Yoman,244,54_244,1828497016,Rufus_Yoman1971361036@irrepsy.com,Detroit,Morocco,BEE
55,John Richardson,94,55_94,1135083929,John_Richardson1688378669@elnee.tech,Bellevue,Niger,BICT
56,Phillip Carpenter,157,56_157,1624584892,Phillip_Carpenter1614455320@nickia.com,Lancaster,Seychelles,BICT
57,Eduardo Lyon,263,57_263,1246473779,Eduardo_Lyon2029191734@corti.com,Reno,Angola,BICT
58,Bart Blackwall,149,58_149,1932807538,Bart_Blackwall304670279@vetan.org,Quebec,Cyprus,BICT
59,Domenic Blackburn,45,59_45,1994337743,Domenic_Blackburn1766946941@liret.org,Albuquerque,Liechtenstein,BCE
60,Carl Jacobs,175,60_175,1261374854,Carl_Jacobs164646430@qater.org,Valetta,Thailand,BEE
61,Rocco Johnson,110,61_110,1953434443,Rocco_Johnson652510033@irrepsy.com,Garland,Singapore,BEE
62,Tyson Norris,293,62_293,2058219741,Tyson_Norris1060755394@eirey.tech,Tallahassee,Oman,BEE
63,Carter Allington,93,63_93,1776548886,Carter_Allington1965464731@gompie.com,Las Vegas,Luxembourg,BCHE
64,George Vincent,134,64_134,1779840268,George_Vincent835253708@liret.org,Murfreesboro,Andorra,BCS
65,Gabriel Walker,293,65_293,1812773983,Gabriel_Walker1198034053@deavo.com,Las Vegas,Samoa,BEE
66,George Jennson,155,66_155,1465164872,George_Jennson1865271778@qater.org,Wien,Papua New Guinea,BICT
67,Mike Crawford,68,67_68,1939946981,Mike_Crawford1815994712@deavo.com,Bellevue,Finland,BCS
68,Rocco Lucas,141,68_141,1890656582,Rocco_Lucas853827613@bretoux.com,Lakewood,Nigeria,BICT
69,Erick Vangness,156,69_156,1731602905,Erick_Vangness1449030826@twace.org,Lincoln,Slovakia,BICT
70,Mike Donovan,11,70_11,1720208819,Mike_Donovan1247468536@bulaffy.com,Madrid,Nauru,BCS
71,Tony Bullock,222,71_222,1386304520,Tony_Bullock1097550498@hourpy.biz,Atlanta,Saint Vincent and the Grenadines,BICT
72,Bart Graham,245,72_245,1319732781,Bart_Graham997274489@vetan.org,Salem,Montenegro,BCHE
73,Nicholas Driscoll,152,73_152,1217230661,Nicholas_Driscoll1614191317@elnee.tech,Long Beach,Liechtenstein,BICT
74,Ethan Willson,60,74_60,1691569357,Ethan_Willson781067583@nickia.com,Washington,Finland,BCE
75,Cedrick Khan,221,75_221,1835117911,Cedrick_Khan215858270@womeona.net,Stockton,Nicaragua,BICT
76,Benny Rogers,225,76_225,1543332818,Benny_Rogers776870863@ubusive.com,Phoenix,Seychelles,BCE
77,Aiden Murray,142,77_142,1428699811,Aiden_Murray1998086776@twace.org,St. Louis,Jamaica,BICT
78,Harvey Vaughan,132,78_132,1267000509,Harvey_Vaughan1895895688@brety.org,Saint Paul,Pakistan,BICT
79,Aiden Gardner,26,79_26,2122764153,Aiden_Gardner2121811705@bauros.biz,Hayward,Czech Republic,BCHE
80,Abdul Riley,262,80_262,2017368760,Abdul_Riley1895119554@twipet.com,Stockton,Namibia,BICT
81,George Rogers,183,81_183,1736575778,George_Rogers852690652@sheye.org,Anaheim,United Kingdom,BME
82,Ethan Goodman,211,82_211,1138175270,Ethan_Goodman1776914719@yahoo.com,Lancaster,Guinea,BICT
83,Nick Lomax,15,83_15,1857322733,Nick_Lomax1039764230@atink.com,Minneapolis,Rwanda,BCS
84,William Strong,182,84_182,1262039484,William_Strong64431820@famism.biz,Lisbon,Fiji,BEE
85,David Underhill,67,85_67,1428009836,David_Underhill763300923@nimogy.biz,Jersey City,Philippines,BCS
86,Roger Wallace,279,86_279,1985737628,Roger_Wallace567229734@deavo.com,Glendale,France,BICT
87,Phillip Waterhouse,31,87_31,1583356177,Phillip_Waterhouse563560338@zorer.org,Albuquerque,Kazakhstan,BCHE
88,Noah Hastings,114,88_114,1783051956,Noah_Hastings5320301@naiker.biz,Escondido,Cyprus,BCHE
89,Wade Reynolds,48,89_48,1487200112,Wade_Reynolds1022383913@hourpy.biz,Santa Ana,Nigeria,BCE
90,Benjamin Harrison,202,90_202,2050583976,Benjamin_Harrison654370743@gmail.com,Prague,Mongolia,BICT
91,Owen Stanley,189,91_189,1482518233,Owen_Stanley185986207@sheye.org,Washington,Germany,BICT
92,Ramon Hogg,222,92_222,1257307211,Ramon_Hogg1202236914@bauros.biz,Valetta,Kosovo,BCE
93,Chester Nanton,108,93_108,1389774563,Chester_Nanton1423970496@fuliss.net,Fayetteville,Luxembourg,BCE
94,Johnathan Mitchell,216,94_216,1122281620,Johnathan_Mitchell1945735117@iatim.tech,Saint Paul,Laos,BICT
95,Mason Jones,21,95_21,1513552459,Mason_Jones92262504@twace.org,Boston,Ireland,BCHE
96,Tyler Edwards,190,96_190,2061545757,Tyler_Edwards1065311565@nimogy.biz,Philadelphia,Luxembourg,BICT
97,Denis Gavin,295,97_295,1753737692,Denis_Gavin615124902@corti.com,London,Dominica,BICT
98,Noah Howard,160,98_160,1221611862,Noah_Howard1183109801@bulaffy.com,Honolulu,Greece,BEE
99,Jack Matthews,75,99_75,1342749802,Jack_Matthews125444416@qater.org,Kansas City,El Salvador,BCS
100,Joseph Stone,150,100_150,1140150300,Joseph_Stone315617331@bretoux.com,San Diego,Ghana,BICT
